location,avg_temperature,avg_humidity
BuildingA_Floor1,25.044181034482758,56.93853448275861
BuildingB_Floor1,24.81780876494024,53.24187250996017
BuildingB_Floor2,24.60472924187726,54.354981949458434
BuildingA_Floor2,24.504375000000017,55.16145833333332
