sensor_id,avg_temp,rank_temp
1070,28.811666666666667,1
1014,27.918000000000006,2
1002,27.894999999999996,3
1033,27.861666666666665,4
1090,27.821999999999996,5
